,ga:date,ga:countryIsoCode,ga:city,ga:users,ga:pageViews,ga:sessions,ga:sessionDuration,ga:pageviewsPerSession,ga:bounceRate
0,20160901,AT,Vienna,1,1,1,0.0,1.0,100.0
1,20160901,AU,Adelaide,2,3,2,4.0,1.5,50.0
2,20160901,AU,Sydney,1,1,1,0.0,1.0,100.0
3,20160901,BE,Ghent,1,4,2,603.0,2.0,50.0
4,20160901,BE,Leuven,1,1,1,0.0,1.0,100.0
5,20160901,BR,Florianopolis,1,1,1,0.0,1.0,100.0
6,20160901,CA,Sherbrooke,1,2,1,719.0,2.0,0.0
7,20160901,CH,Basel,2,9,3,1144.0,3.0,33.33333333333333
8,20160901,CN,Guangzhou,1,1,1,0.0,1.0,100.0
9,20160901,DE,Dresden,1,1,1,0.0,1.0,100.0
10,20160901,DE,Hanover,1,2,2,0.0,1.0,100.0
11,20160901,DE,Hurth,1,1,1,0.0,1.0,100.0
12,20160901,DE,Ingelheim am Rhein,1,3,1,1192.0,3.0,0.0
13,20160901,DK,Lyngby,1,1,1,0.0,1.0,100.0
14,20160901,ES,Paterna,1,4,2,74.0,2.0,50.0
15,20160901,FR,Massy,1,3,1,96.0,3.0,0.0
16,20160901,GB,Birmingham,2,15,6,1729.0,2.5,33.33333333333333
17,20160901,GB,London,1,1,1,0.0,1.0,100.0
18,20160901,IN,Bengaluru,1,1,1,0.0,1.0,100.0
19,20160901,IN,Hyderabad,1,1,1,0.0,1.0,100.0
20,20160901,IN,Kochi,1,1,1,0.0,1.0,100.0
21,20160901,IN,Mumbai,2,2,2,0.0,1.0,100.0
22,20160901,IN,Noida,1,1,1,0.0,1.0,100.0
23,20160901,IN,Warangal,1,1,1,0.0,1.0,100.0
24,20160901,IT,Milan,1,1,1,0.0,1.0,100.0
25,20160901,JP,Minato City,1,1,1,0.0,1.0,100.0
26,20160901,LS,Maseru,1,1,1,0.0,1.0,100.0
27,20160901,LU,Dudelange,1,4,1,132.0,4.0,0.0
28,20160901,NL,Groningen,1,1,1,0.0,1.0,100.0
29,20160901,NL,Haren,1,1,1,0.0,1.0,100.0
30,20160901,NO,Tromso Municipality,2,6,2,782.0,3.0,0.0
31,20160901,NZ,Dunedin,1,3,1,160.0,3.0,0.0
32,20160901,PK,Karachi,1,3,1,548.0,3.0,0.0
33,20160901,US,Boston,1,1,1,0.0,1.0,100.0
34,20160901,US,Brookings,1,2,2,0.0,1.0,100.0
35,20160901,US,Brookline,1,1,1,0.0,1.0,100.0
36,20160901,US,Charlottesville,1,1,1,0.0,1.0,100.0
37,20160901,US,Grants Pass,1,1,1,0.0,1.0,100.0
38,20160901,US,Honolulu,1,1,1,0.0,1.0,100.0
39,20160901,US,Redmond,1,3,1,46.0,3.0,0.0
40,20160901,US,Rexford,1,1,1,0.0,1.0,100.0
41,20160901,US,Washington,1,1,1,0.0,1.0,100.0
42,20160901,VN,Ho Chi Minh City,1,1,1,0.0,1.0,100.0
43,20160902,AU,Brisbane,3,8,5,323.0,1.6,80.0
44,20160902,AU,Canberra,1,1,1,0.0,1.0,100.0
45,20160902,BE,Ghent,1,2,1,5.0,2.0,0.0
46,20160902,CA,Ottawa,1,5,1,300.0,5.0,0.0
47,20160902,CA,Sherbrooke,1,3,2,2.0,1.5,50.0
48,20160902,CH,(not set),1,2,1,5.0,2.0,0.0
49,20160902,CH,Basel,1,1,1,0.0,1.0,100.0
50,20160902,CH,Lugano,1,1,1,0.0,1.0,100.0
51,20160902,CY,Nicosia,1,3,1,42.0,3.0,0.0
52,20160902,CZ,Ostrava,1,2,1,578.0,2.0,0.0
53,20160902,DE,Hanover,1,1,1,0.0,1.0,100.0
54,20160902,DE,Ingelheim am Rhein,1,5,2,772.0,2.5,50.0
55,20160902,EE,Tallinn,1,1,1,0.0,1.0,100.0
56,20160902,ES,Paterna,1,2,2,0.0,1.0,100.0
57,20160902,ET,Addis Ababa,1,1,1,0.0,1.0,100.0
58,20160902,FI,Helsinki,1,1,1,0.0,1.0,100.0
59,20160902,FR,Paris,1,3,1,1141.0,3.0,0.0
60,20160902,GB,Birmingham,1,1,1,0.0,1.0,100.0
61,20160902,GB,London,1,1,1,0.0,1.0,100.0
62,20160902,IE,Drogheda,1,1,1,0.0,1.0,100.0
63,20160902,IN,Chennai,2,2,2,0.0,1.0,100.0
64,20160902,IT,Rome,1,1,1,0.0,1.0,100.0
65,20160902,LU,Luxembourg,1,11,3,1667.0,3.6666666666666665,33.33333333333333
66,20160902,NL,Amsterdam,1,1,1,0.0,1.0,100.0
67,20160902,NL,The Hague,1,1,1,0.0,1.0,100.0
68,20160902,NO,Tromso Municipality,1,1,1,0.0,1.0,100.0
69,20160902,RU,Saint Petersburg,2,11,2,204.0,5.5,50.0
70,20160902,US,(not set),1,1,1,0.0,1.0,100.0
71,20160902,US,Bountiful,1,2,1,937.0,2.0,0.0
72,20160902,US,Brookline,1,2,1,207.0,2.0,0.0
73,20160902,US,Honolulu,1,6,2,274.0,3.0,50.0
74,20160902,US,Jasper,1,1,1,0.0,1.0,100.0
75,20160902,US,Los Angeles,1,1,1,0.0,1.0,100.0
76,20160902,US,New York,2,12,2,110.0,6.0,50.0
77,20160902,US,Palo Alto,1,2,1,19.0,2.0,0.0
78,20160902,US,Salt Lake City,1,1,1,0.0,1.0,100.0
79,20160902,US,San Diego,1,1,1,0.0,1.0,100.0
80,20160902,US,University Park,1,1,1,0.0,1.0,100.0
81,20160903,CH,(not set),1,1,1,0.0,1.0,100.0
82,20160903,CZ,Ostrava,1,1,1,0.0,1.0,100.0
83,20160903,ES,Paterna,1,1,1,0.0,1.0,100.0
84,20160903,GB,Stoke-on-Trent,1,1,1,0.0,1.0,100.0
85,20160903,HU,Hodmezovasarhely,1,1,1,0.0,1.0,100.0
86,20160903,IN,Bengaluru,1,1,1,0.0,1.0,100.0
87,20160903,MX,Santiago de Queretaro,1,1,1,0.0,1.0,100.0
88,20160903,NG,Lagos,1,1,1,0.0,1.0,100.0
89,20160903,SA,Jeddah,1,2,1,120.0,2.0,0.0
90,20160903,US,Marine Corps Base Hawaii,1,1,1,0.0,1.0,100.0
91,20160904,BE,Nivelles,1,1,1,0.0,1.0,100.0
92,20160904,CH,(not set),1,5,2,53.0,2.5,0.0
93,20160904,CZ,Prague,1,4,1,262.0,4.0,0.0
94,20160904,ES,Getafe,2,9,4,1493.0,2.25,50.0
95,20160904,MY,Kuala Lumpur,1,2,2,0.0,1.0,100.0
96,20160904,NL,Delft,1,1,1,0.0,1.0,100.0
97,20160904,US,Anaheim,1,1,1,0.0,1.0,100.0
98,20160904,US,Lake Lorraine,1,1,1,0.0,1.0,100.0
99,20160904,US,Somerville,1,7,2,1157.0,3.5,0.0
100,20160905,AU,Adelaide,1,3,1,59.0,3.0,0.0
101,20160905,AU,Brisbane,2,7,5,15.0,1.4,60.0
102,20160905,BY,Minsk,1,1,1,0.0,1.0,100.0
103,20160905,CH,Geneva,1,2,1,13.0,2.0,0.0
104,20160905,CH,Wurenlingen,1,2,2,0.0,1.0,100.0
105,20160905,DE,Berlin,1,1,1,0.0,1.0,100.0
106,20160905,DE,Halle (Saale),1,2,1,0.0,2.0,0.0
107,20160905,DE,Hanover,1,1,1,0.0,1.0,100.0
108,20160905,DE,Ingelheim am Rhein,1,1,1,0.0,1.0,100.0
109,20160905,DE,Julich,1,1,1,0.0,1.0,100.0
110,20160905,DE,Munster,1,4,3,1056.0,1.3333333333333333,66.66666666666666
111,20160905,ES,Getafe,1,6,3,1133.0,2.0,33.33333333333333
112,20160905,ES,Pozuelo de Alarcon,1,3,1,31.0,3.0,0.0
113,20160905,FR,Ecully,1,1,1,0.0,1.0,100.0
114,20160905,GB,Birmingham,1,1,1,0.0,1.0,100.0
115,20160905,GB,London,1,1,1,0.0,1.0,100.0
116,20160905,GB,Saffron Walden,1,1,1,0.0,1.0,100.0
117,20160905,GR,Athens,2,3,2,12.0,1.5,50.0
118,20160905,GR,Thessaloniki,1,5,3,61.0,1.6666666666666667,66.66666666666666
119,20160905,IL,Rehovot,1,1,1,0.0,1.0,100.0
120,20160905,IN,Chennai,1,1,1,0.0,1.0,100.0
121,20160905,IR,Tehran,1,1,1,0.0,1.0,100.0
122,20160905,KR,Daejeon,1,4,1,96.0,4.0,0.0
123,20160905,KR,Seoul,3,3,3,0.0,1.0,100.0
124,20160905,MY,Kuala Lumpur,1,2,2,0.0,1.0,100.0
125,20160905,NO,Tromso Municipality,1,2,2,0.0,1.0,100.0
126,20160905,NZ,Auckland,1,2,1,35.0,2.0,0.0
127,20160905,NZ,Christchurch,1,1,1,0.0,1.0,100.0
128,20160905,PT,Porto,1,1,1,0.0,1.0,100.0
129,20160905,QA,Doha,1,3,1,203.0,3.0,0.0
130,20160905,SE,Umea,1,3,1,48.0,3.0,0.0
131,20160905,TW,Zhudong Township,1,1,1,0.0,1.0,100.0
132,20160905,US,Paintsville,1,1,1,0.0,1.0,100.0
133,20160905,US,San Francisco,1,1,1,0.0,1.0,100.0
134,20160905,US,Setauket- East Setauket,1,2,1,87.0,2.0,0.0
135,20160906,AU,Adelaide,1,11,2,469.0,5.5,0.0
136,20160906,AU,Brisbane,1,2,1,31.0,2.0,0.0
137,20160906,BE,Ghent,1,1,1,0.0,1.0,100.0
138,20160906,BR,Sao Paulo,1,1,1,0.0,1.0,100.0
139,20160906,CA,Montreal,1,1,1,0.0,1.0,100.0
140,20160906,CA,Sherbrooke,1,4,3,3.0,1.3333333333333333,66.66666666666666
141,20160906,CH,Basel,1,1,1,0.0,1.0,100.0
142,20160906,CH,Lugano,1,3,1,94.0,3.0,0.0
143,20160906,CZ,Brno,1,1,1,0.0,1.0,100.0
144,20160906,DE,Aachen,1,1,1,0.0,1.0,100.0
145,20160906,DE,Cologne,1,1,1,0.0,1.0,100.0
146,20160906,DE,Heidelberg,1,1,1,0.0,1.0,100.0
147,20160906,DE,Julich,1,1,1,0.0,1.0,100.0
148,20160906,DE,Tubingen,1,1,1,0.0,1.0,100.0
149,20160906,DK,Lyngby,2,3,3,0.0,1.0,100.0
150,20160906,ES,Barcelona,1,2,2,0.0,1.0,100.0
151,20160906,ES,Pozuelo de Alarcon,1,1,1,0.0,1.0,100.0
152,20160906,FR,Langon,1,1,1,0.0,1.0,100.0
153,20160906,GB,Birmingham,1,1,1,0.0,1.0,100.0
154,20160906,GB,London,4,31,7,4538.0,4.428571428571429,42.857142857142854
155,20160906,HK,Hong Kong,1,1,1,0.0,1.0,100.0
156,20160906,IN,Ahmedabad,1,1,1,0.0,1.0,100.0
157,20160906,IN,Dombivli,1,1,1,0.0,1.0,100.0
158,20160906,IT,Milan,1,4,2,77.0,2.0,50.0
159,20160906,LU,Luxembourg,1,1,1,0.0,1.0,100.0
160,20160906,NL,Amsterdam,1,1,1,0.0,1.0,100.0
161,20160906,NL,Groningen,1,1,1,0.0,1.0,100.0
162,20160906,NL,Hengelo,1,1,1,0.0,1.0,100.0
163,20160906,PL,Krakow,1,1,1,0.0,1.0,100.0
164,20160906,PT,Amadora,1,1,1,0.0,1.0,100.0
165,20160906,SE,Gothenburg,1,1,1,0.0,1.0,100.0
166,20160906,US,Albuquerque,1,1,1,0.0,1.0,100.0
167,20160906,US,Annandale,1,1,1,0.0,1.0,100.0
168,20160906,US,Atlanta,1,1,1,0.0,1.0,100.0
169,20160906,US,Boston,1,8,1,334.0,8.0,0.0
170,20160906,US,Cambridge,1,1,1,0.0,1.0,100.0
171,20160906,US,Champaign,1,1,1,0.0,1.0,100.0
172,20160906,US,Charlottesville,1,1,1,0.0,1.0,100.0
173,20160906,US,Coffeyville,1,2,1,6.0,2.0,0.0
174,20160906,US,Hanover,1,10,4,1658.0,2.5,25.0
175,20160906,US,Indianapolis,1,1,1,0.0,1.0,100.0
176,20160906,US,Los Alamos,1,1,1,0.0,1.0,100.0
177,20160906,US,Los Angeles,1,1,1,0.0,1.0,100.0
178,20160906,US,Solon,1,1,1,0.0,1.0,100.0
179,20160907,AU,Melbourne,1,2,1,844.0,2.0,0.0
180,20160907,BR,Natal,1,1,1,0.0,1.0,100.0
181,20160907,CA,Saskatoon,1,2,1,39.0,2.0,0.0
182,20160907,CA,Sherbrooke,1,2,1,316.0,2.0,0.0
183,20160907,CH,Basel,1,1,1,0.0,1.0,100.0
184,20160907,CN,Hangzhou,1,11,1,779.0,11.0,0.0
185,20160907,CN,Jinan,1,11,2,429.0,5.5,50.0
186,20160907,CN,Taian,1,53,6,9978.0,8.833333333333334,50.0
187,20160907,CZ,Brno,1,5,1,308.0,5.0,0.0
188,20160907,CZ,Prague,1,1,1,0.0,1.0,100.0
189,20160907,DE,Grossenkneten,1,1,1,0.0,1.0,100.0
190,20160907,DE,Hanover,1,1,1,0.0,1.0,100.0
191,20160907,DE,Ingelheim am Rhein,1,2,1,4.0,2.0,0.0
192,20160907,DE,Julich,2,3,2,240.0,1.5,50.0
193,20160907,DK,Aarhus,1,1,1,0.0,1.0,100.0
194,20160907,FR,Bretigny-sur-Orge,1,4,1,846.0,4.0,0.0
195,20160907,GB,Birmingham,2,6,3,1271.0,2.0,33.33333333333333
196,20160907,GB,Exeter,1,4,2,639.0,2.0,50.0
197,20160907,GB,London,2,26,3,2821.0,8.666666666666666,33.33333333333333
198,20160907,GR,Athens,1,2,1,42.0,2.0,0.0
199,20160907,HK,Hong Kong,1,1,1,0.0,1.0,100.0
200,20160907,IN,Bengaluru,1,1,1,0.0,1.0,100.0
201,20160907,IT,Milan,1,5,3,1242.0,1.6666666666666667,66.66666666666666
202,20160907,KR,Seoul,1,1,1,0.0,1.0,100.0
203,20160907,LU,Luxembourg,1,1,1,0.0,1.0,100.0
204,20160907,LU,Sanem,1,2,1,2.0,2.0,0.0
205,20160907,PH,Quezon City,1,1,1,0.0,1.0,100.0
206,20160907,QA,Doha,1,1,1,0.0,1.0,100.0
207,20160907,SE,Umea,1,3,1,115.0,3.0,0.0
208,20160907,US,Boston,2,7,4,217.0,1.75,75.0
209,20160907,US,Champaign,1,1,1,0.0,1.0,100.0
210,20160907,US,Chippewa Falls,1,1,1,0.0,1.0,100.0
211,20160907,US,Indianapolis,1,2,1,5.0,2.0,0.0
212,20160907,US,Los Alamos,1,1,1,0.0,1.0,100.0
213,20160907,US,New Orleans,1,1,1,0.0,1.0,100.0
214,20160907,US,Norman,1,3,1,1298.0,3.0,0.0
215,20160907,US,Palo Alto,1,1,1,0.0,1.0,100.0
216,20160907,US,San Diego,1,1,1,0.0,1.0,100.0
217,20160907,US,Santa Clara,1,1,1,0.0,1.0,100.0
218,20160907,US,Sunnyvale,1,1,1,0.0,1.0,100.0
219,20160907,ZZ,(not set),1,1,1,0.0,1.0,100.0
220,20160908,AU,Brisbane,1,10,4,1019.0,2.5,50.0
221,20160908,AU,Melbourne,1,6,2,540.0,3.0,0.0
222,20160908,BE,Brussels,1,1,1,0.0,1.0,100.0
223,20160908,BG,Sofia,1,1,1,0.0,1.0,100.0
224,20160908,CA,Montreal,1,1,1,0.0,1.0,100.0
225,20160908,CA,Sherbrooke,1,2,1,1249.0,2.0,0.0
226,20160908,CA,Vancouver,2,3,2,4.0,1.5,50.0
227,20160908,CH,Basel,1,2,1,3.0,2.0,0.0
228,20160908,CH,Lugano,1,1,1,0.0,1.0,100.0
229,20160908,CH,Villigen,1,4,2,1573.0,2.0,50.0
230,20160908,CH,Winterthur,1,1,1,0.0,1.0,100.0
231,20160908,CN,Beijing,1,20,6,2994.0,3.3333333333333335,50.0
232,20160908,CN,Jinan,1,2,2,0.0,1.0,100.0
233,20160908,DE,Ingelheim am Rhein,1,4,2,40.0,2.0,0.0
234,20160908,DE,Saarbrucken,1,1,1,0.0,1.0,100.0
235,20160908,DK,Lyngby,1,3,2,834.0,1.5,50.0
236,20160908,ES,Bilbao,1,2,1,32.0,2.0,0.0
237,20160908,GB,Birmingham,1,2,2,0.0,1.0,100.0
238,20160908,GB,Coventry,1,2,1,918.0,2.0,0.0
239,20160908,GB,Dundee,1,1,1,0.0,1.0,100.0
240,20160908,GB,Lighthorne,1,1,1,0.0,1.0,100.0
241,20160908,GB,London,1,5,3,54.0,1.6666666666666667,66.66666666666666
242,20160908,HK,(not set),1,1,1,0.0,1.0,100.0
243,20160908,IN,Bengaluru,1,1,1,0.0,1.0,100.0
244,20160908,IN,Pune,1,1,1,0.0,1.0,100.0
245,20160908,IT,Modena,1,1,1,0.0,1.0,100.0
246,20160908,IT,Pisa,1,9,2,573.0,4.5,0.0
247,20160908,PH,Davao City,1,1,1,0.0,1.0,100.0
248,20160908,PL,Poznan,1,1,1,0.0,1.0,100.0
249,20160908,RU,Rostov-on-Don,1,1,1,0.0,1.0,100.0
250,20160908,US,Birmingham,1,5,2,39.0,2.5,0.0
251,20160908,US,Pasadena,1,4,1,2721.0,4.0,0.0
252,20160908,US,San Francisco,1,1,1,0.0,1.0,100.0
253,20160908,US,Seattle,1,3,1,53.0,3.0,0.0
254,20160908,US,State College,1,3,1,82.0,3.0,0.0
255,20160909,AU,Adelaide,1,5,2,76.0,2.5,50.0
256,20160909,AU,Brisbane,2,4,3,82.0,1.3333333333333333,66.66666666666666
257,20160909,AU,Melbourne,1,2,1,32.0,2.0,0.0
258,20160909,BE,Antwerp,1,1,1,0.0,1.0,100.0
259,20160909,BE,Ghent,1,4,3,2.0,1.3333333333333333,66.66666666666666
260,20160909,BE,Leuven,1,7,1,471.0,7.0,0.0
261,20160909,CA,Montreal,1,1,1,0.0,1.0,100.0
262,20160909,CA,Sherbrooke,1,2,1,710.0,2.0,0.0
263,20160909,CA,Waterloo,1,2,2,0.0,1.0,100.0
264,20160909,CH,Basel,2,3,2,71.0,1.5,50.0
265,20160909,CH,Lugano,1,7,1,1061.0,7.0,0.0
266,20160909,CN,Beijing,1,2,2,0.0,1.0,100.0
267,20160909,CZ,Prague,2,2,2,0.0,1.0,100.0
268,20160909,DE,Berlin,2,4,2,11.0,2.0,50.0
269,20160909,DE,Dachau,1,1,1,0.0,1.0,100.0
270,20160909,DE,Stuttgart,1,21,1,2451.0,21.0,0.0
271,20160909,DK,Lyngby,3,4,3,11.0,1.3333333333333333,66.66666666666666
272,20160909,ES,Madrid,2,4,2,858.0,2.0,0.0
273,20160909,FI,Espoo,1,3,1,222.0,3.0,0.0
274,20160909,GB,London,1,8,4,382.0,2.0,25.0
275,20160909,GB,Sheffield,1,1,1,0.0,1.0,100.0
276,20160909,HU,Budapest,5,11,6,173.0,1.8333333333333333,33.33333333333333
277,20160909,IN,Chennai,1,1,1,0.0,1.0,100.0
278,20160909,IT,Milan,1,1,1,0.0,1.0,100.0
279,20160909,KR,Busan,1,1,1,0.0,1.0,100.0
280,20160909,KR,Seoul,1,1,1,0.0,1.0,100.0
281,20160909,LB,Beirut,1,1,1,0.0,1.0,100.0
282,20160909,NL,Enschede,1,3,3,0.0,1.0,100.0
283,20160909,NL,Hilversum,1,1,1,0.0,1.0,100.0
284,20160909,NO,Tromso Municipality,1,2,1,29.0,2.0,0.0
285,20160909,PL,Poznan,1,1,1,0.0,1.0,100.0
286,20160909,RU,Irkutsk,1,1,1,0.0,1.0,100.0
287,20160909,SE,Umea,1,3,1,22.0,3.0,0.0
288,20160909,SI,(not set),1,1,1,0.0,1.0,100.0
289,20160909,US,Baton Rouge,1,1,1,0.0,1.0,100.0
290,20160909,US,Birmingham,1,1,1,0.0,1.0,100.0
291,20160909,US,Boise,1,1,1,0.0,1.0,100.0
292,20160909,US,Philadelphia,1,1,1,0.0,1.0,100.0
293,20160909,US,Redmond,1,1,1,0.0,1.0,100.0
294,20160909,US,Reston,1,10,2,923.0,5.0,0.0
295,20160909,US,San Diego,1,2,1,1055.0,2.0,0.0
296,20160909,US,State College,1,17,2,5044.0,8.5,0.0
297,20160910,BR,Uberlandia,1,1,1,0.0,1.0,100.0
298,20160910,GB,Durham,1,8,2,701.0,4.0,0.0
299,20160910,IN,Bengaluru,1,1,1,0.0,1.0,100.0
300,20160910,IN,Mysuru,1,1,1,0.0,1.0,100.0
301,20160910,IN,Patna,1,7,1,361.0,7.0,0.0
302,20160910,IT,Naples,1,1,1,0.0,1.0,100.0
303,20160910,US,Bozeman,1,2,1,18.0,2.0,0.0
304,20160910,US,Brookline,1,1,1,0.0,1.0,100.0
305,20160910,US,Green Valley,1,1,1,0.0,1.0,100.0
306,20160910,VE,Caracas,1,1,1,0.0,1.0,100.0
307,20160911,BE,Ghent,1,1,1,0.0,1.0,100.0
308,20160911,ES,Burgos,1,1,1,0.0,1.0,100.0
309,20160911,GB,London,1,2,1,21.0,2.0,0.0
310,20160911,ID,Jakarta,1,2,1,21.0,2.0,0.0
311,20160911,IN,Bengaluru,1,1,1,0.0,1.0,100.0
312,20160911,KR,Daejeon,1,4,2,73.0,2.0,50.0
313,20160911,MX,Aguascalientes,1,1,1,0.0,1.0,100.0
314,20160911,SK,Trnava,1,2,1,37.0,2.0,0.0
315,20160911,US,Oakton,1,3,1,31.0,3.0,0.0
316,20160911,US,Ojai,1,1,1,0.0,1.0,100.0
317,20160911,US,Pinehurst,1,1,1,0.0,1.0,100.0
318,20160911,US,Seattle,1,1,1,0.0,1.0,100.0
319,20160912,AR,Buenos Aires,1,1,1,0.0,1.0,100.0
320,20160912,AU,Adelaide,1,4,1,287.0,4.0,0.0
321,20160912,AU,Brisbane,3,8,3,182.0,2.6666666666666665,0.0
322,20160912,AU,Melbourne,1,1,1,0.0,1.0,100.0
323,20160912,CA,Montreal,1,1,1,0.0,1.0,100.0
324,20160912,CA,Sherbrooke,1,2,1,1188.0,2.0,0.0
325,20160912,CZ,Prague,1,1,1,0.0,1.0,100.0
326,20160912,DE,Aachen,1,1,1,0.0,1.0,100.0
327,20160912,DE,Bielefeld,1,1,1,0.0,1.0,100.0
328,20160912,DE,Leipzig,1,1,1,0.0,1.0,100.0
329,20160912,FR,Bruyeres-le-Chatel,1,5,2,60.0,2.5,50.0
330,20160912,GB,Birmingham,2,10,5,955.0,2.0,40.0
331,20160912,GB,London,2,4,3,79.0,1.3333333333333333,66.66666666666666
332,20160912,GB,Luton,1,1,1,0.0,1.0,100.0
333,20160912,IN,New Delhi,1,1,1,0.0,1.0,100.0
334,20160912,IT,Catania,1,1,1,0.0,1.0,100.0
335,20160912,NL,Groningen,1,2,2,0.0,1.0,100.0
336,20160912,NZ,Dunedin,1,1,1,0.0,1.0,100.0
337,20160912,PH,Davao City,1,1,1,0.0,1.0,100.0
338,20160912,RU,Moscow,2,6,2,304.0,3.0,50.0
339,20160912,SE,Lund,1,1,1,0.0,1.0,100.0
340,20160912,SE,Stockholm,1,7,1,91.0,7.0,0.0
341,20160912,SE,Umea,1,1,1,0.0,1.0,100.0
342,20160912,US,Bethesda,1,3,2,79.0,1.5,50.0
343,20160912,US,Boston,1,3,1,7.0,3.0,0.0
344,20160912,US,Cambridge,1,1,1,0.0,1.0,100.0
345,20160912,US,Chicago,1,1,1,0.0,1.0,100.0
346,20160912,US,College Station,1,1,1,0.0,1.0,100.0
347,20160912,US,Concord,1,3,1,74.0,3.0,0.0
348,20160912,US,Dearborn,1,1,1,0.0,1.0,100.0
349,20160912,US,Gonzales,1,1,1,0.0,1.0,100.0
350,20160912,US,New York,1,10,1,441.0,10.0,0.0
351,20160912,US,Reston,1,5,1,189.0,5.0,0.0
352,20160912,US,San Diego,2,9,3,1106.0,3.0,0.0
353,20160912,US,Seattle,1,1,1,0.0,1.0,100.0
354,20160912,US,Sunnyvale,1,3,1,86.0,3.0,0.0
355,20160913,AT,Vienna,1,1,1,0.0,1.0,100.0
356,20160913,AU,Brisbane,3,3,3,0.0,1.0,100.0
357,20160913,AU,Melbourne,1,1,1,0.0,1.0,100.0
358,20160913,AU,Sydney,1,1,1,0.0,1.0,100.0
359,20160913,BE,Ghent,2,2,2,0.0,1.0,100.0
360,20160913,CA,Sherbrooke,1,3,2,507.0,1.5,50.0
361,20160913,CH,Geneva,1,1,1,0.0,1.0,100.0
362,20160913,CH,Lugano,1,2,1,5.0,2.0,0.0
363,20160913,CH,Zurich,1,1,1,0.0,1.0,100.0
364,20160913,CN,Hangzhou,1,1,1,0.0,1.0,100.0
365,20160913,CN,Nanjing,1,1,1,0.0,1.0,100.0
366,20160913,DE,Ingelheim am Rhein,2,5,3,354.0,1.6666666666666667,33.33333333333333
367,20160913,DE,Leipzig,1,1,1,0.0,1.0,100.0
368,20160913,DE,Mannheim,1,2,1,39.0,2.0,0.0
369,20160913,DK,Roskilde,1,1,1,0.0,1.0,100.0
370,20160913,GB,Dundee,1,1,1,0.0,1.0,100.0
371,20160913,GB,Sheffield,1,1,1,0.0,1.0,100.0
372,20160913,GB,Widnes,1,1,1,0.0,1.0,100.0
373,20160913,HU,Budapest,1,1,1,0.0,1.0,100.0
374,20160913,IN,Kanpur,1,1,1,0.0,1.0,100.0
375,20160913,IN,Pune,1,1,1,0.0,1.0,100.0
376,20160913,NL,Amsterdam,1,2,1,15.0,2.0,0.0
377,20160913,NL,Groningen,2,2,2,0.0,1.0,100.0
378,20160913,PT,(not set),1,1,1,0.0,1.0,100.0
379,20160913,RO,Bucharest,1,1,1,0.0,1.0,100.0
380,20160913,SE,Katrineholm,1,1,1,0.0,1.0,100.0
381,20160913,SI,Koper,1,2,2,0.0,1.0,100.0
382,20160913,US,Bethesda,1,1,1,0.0,1.0,100.0
383,20160913,US,Bloomington,1,1,1,0.0,1.0,100.0
384,20160913,US,Charlottesville,1,2,2,0.0,1.0,100.0
385,20160913,US,Chippewa Falls,1,1,1,0.0,1.0,100.0
386,20160913,US,New York,1,1,1,0.0,1.0,100.0
387,20160913,US,Norman,1,2,1,9.0,2.0,0.0
388,20160913,US,Reston,1,1,1,0.0,1.0,100.0
389,20160913,US,San Diego,1,3,2,1333.0,1.5,50.0
390,20160914,AU,Brisbane,2,4,2,866.0,2.0,50.0
391,20160914,AU,Melbourne,1,1,1,0.0,1.0,100.0
392,20160914,BE,Antwerp,1,1,1,0.0,1.0,100.0
393,20160914,BE,Ghent,1,3,2,4.0,1.5,50.0
394,20160914,BR,Porto Alegre,1,1,1,0.0,1.0,100.0
395,20160914,CA,Sherbrooke,1,2,1,518.0,2.0,0.0
396,20160914,CH,Lugano,2,3,3,0.0,1.0,100.0
397,20160914,CY,Nicosia,1,3,1,45.0,3.0,0.0
398,20160914,CZ,Ostrava,1,1,1,0.0,1.0,100.0
399,20160914,CZ,Tabor,1,1,1,0.0,1.0,100.0
400,20160914,DE,Ahrensburg,1,1,1,0.0,1.0,100.0
401,20160914,DE,Bocholt,1,2,1,2.0,2.0,0.0
402,20160914,DE,Ingelheim am Rhein,1,2,1,14.0,2.0,0.0
403,20160914,DE,Mainz,1,1,1,0.0,1.0,100.0
404,20160914,DK,Roskilde,1,2,2,0.0,1.0,100.0
405,20160914,ES,Barcelona,1,1,1,0.0,1.0,100.0
406,20160914,ES,Donostia-San Sebastian,1,1,1,0.0,1.0,100.0
407,20160914,ES,Seville,1,1,1,0.0,1.0,100.0
408,20160914,GB,(not set),1,1,1,0.0,1.0,100.0
409,20160914,GB,Dundee,1,3,2,4.0,1.5,50.0
410,20160914,HK,Hong Kong,2,3,2,18.0,1.5,50.0
411,20160914,MY,Kuala Lumpur,1,1,1,0.0,1.0,100.0
412,20160914,NO,Trondheim Municipality,1,1,1,0.0,1.0,100.0
413,20160914,NZ,Auckland,1,1,1,0.0,1.0,100.0
414,20160914,NZ,Christchurch,1,1,1,0.0,1.0,100.0
415,20160914,RO,Targu Jiu,1,1,1,0.0,1.0,100.0
416,20160914,SE,Umea,1,6,3,89.0,2.0,33.33333333333333
417,20160914,US,Anderson,1,1,1,0.0,1.0,100.0
418,20160914,US,Charlottesville,1,3,2,90.0,1.5,50.0
419,20160914,US,Davis,1,1,1,0.0,1.0,100.0
420,20160914,US,Des Moines,1,2,1,25.0,2.0,0.0
421,20160914,US,Los Angeles,1,2,1,63.0,2.0,0.0
422,20160914,US,Poway,1,3,2,1012.0,1.5,50.0
423,20160914,US,Reston,1,2,1,65.0,2.0,0.0
424,20160914,US,Richardson,1,1,1,0.0,1.0,100.0
425,20160914,US,San Diego,1,11,3,228.0,3.6666666666666665,66.66666666666666
426,20160914,US,Seattle,1,1,1,0.0,1.0,100.0
427,20160914,US,Sunnyvale,1,1,1,0.0,1.0,100.0
428,20160915,AT,Vienna,1,1,1,0.0,1.0,100.0
429,20160915,AU,Brisbane,2,3,3,0.0,1.0,100.0
430,20160915,BE,Leuven,1,21,3,2245.0,7.0,33.33333333333333
431,20160915,BE,Zaventem,1,2,2,0.0,1.0,100.0
432,20160915,BR,Porto Alegre,1,1,1,0.0,1.0,100.0
433,20160915,CA,Sherbrooke,1,2,2,0.0,1.0,100.0
434,20160915,CA,Toronto,1,1,1,0.0,1.0,100.0
435,20160915,CH,Zurich,1,1,1,0.0,1.0,100.0
436,20160915,CZ,Ostrava,1,1,1,0.0,1.0,100.0
437,20160915,CZ,Prague,1,1,1,0.0,1.0,100.0
438,20160915,DE,Bremerhaven,1,3,2,11.0,1.5,50.0
439,20160915,DE,Halle (Saale),1,11,2,939.0,5.5,0.0
440,20160915,DE,Karlsruhe,1,1,1,0.0,1.0,100.0
441,20160915,DE,Sankt Augustin,1,1,1,0.0,1.0,100.0
442,20160915,DK,Albertslund,1,2,2,0.0,1.0,100.0
443,20160915,DK,Lyngby,1,5,1,502.0,5.0,0.0
444,20160915,ES,Barcelona,1,2,1,11.0,2.0,0.0
445,20160915,ES,Bilbao,1,2,2,0.0,1.0,100.0
446,20160915,FR,Ecully,1,1,1,0.0,1.0,100.0
447,20160915,FR,Fondettes,1,1,1,0.0,1.0,100.0
448,20160915,FR,Les Ulis,1,1,1,0.0,1.0,100.0
449,20160915,GB,Birmingham,2,6,2,38.0,3.0,50.0
450,20160915,GB,Bury St Edmunds,1,1,1,0.0,1.0,100.0
451,20160915,GB,Exeter,1,6,1,539.0,6.0,0.0
452,20160915,IN,Bengaluru,2,3,3,0.0,1.0,100.0
453,20160915,IN,Chennai,1,1,1,0.0,1.0,100.0
454,20160915,IS,(not set),1,1,1,0.0,1.0,100.0
455,20160915,IT,Cerro Maggiore,1,1,1,0.0,1.0,100.0
456,20160915,IT,Ispra,1,2,1,1235.0,2.0,0.0
457,20160915,JP,Shibuya City,1,1,1,0.0,1.0,100.0
458,20160915,NO,Tromso Municipality,2,2,2,0.0,1.0,100.0
459,20160915,NZ,Christchurch,1,1,1,0.0,1.0,100.0
460,20160915,NZ,Hamilton,1,1,1,0.0,1.0,100.0
461,20160915,QA,Doha,1,1,1,0.0,1.0,100.0
462,20160915,RU,Moscow,1,2,1,0.0,2.0,0.0
463,20160915,SE,Södertälje,1,1,1,0.0,1.0,100.0
464,20160915,SG,(not set),1,10,1,1516.0,10.0,0.0
465,20160915,SG,Singapore,2,6,4,35.0,1.5,75.0
466,20160915,TH,(not set),1,1,1,0.0,1.0,100.0
467,20160915,US,Bloomington,1,2,1,32.0,2.0,0.0
468,20160915,US,Champaign,1,1,1,0.0,1.0,100.0
469,20160915,US,Madison,1,1,1,0.0,1.0,100.0
470,20160915,US,New York,1,1,1,0.0,1.0,100.0
471,20160915,US,Orono,1,1,1,0.0,1.0,100.0
472,20160915,US,Philadelphia,1,1,1,0.0,1.0,100.0
473,20160915,US,Richardson,1,1,1,0.0,1.0,100.0
474,20160915,US,San Diego,1,3,3,0.0,1.0,100.0
475,20160915,US,San Francisco,1,1,1,0.0,1.0,100.0
476,20160915,ZA,Pretoria,1,1,1,0.0,1.0,100.0
477,20160916,AM,(not set),1,1,1,0.0,1.0,100.0
478,20160916,AU,Brisbane,2,2,2,0.0,1.0,100.0
479,20160916,BE,Ghent,2,4,2,8.0,2.0,0.0
480,20160916,BR,Rio de Janeiro,2,2,2,0.0,1.0,100.0
481,20160916,CA,Burnaby,1,5,1,76.0,5.0,0.0
482,20160916,CA,Kingston,2,5,3,100.0,1.6666666666666667,66.66666666666666
483,20160916,CA,Montreal,1,2,2,0.0,1.0,100.0
484,20160916,CA,Oshawa,1,1,1,0.0,1.0,100.0
485,20160916,CA,Sherbrooke,1,2,1,401.0,2.0,0.0
486,20160916,CA,Toronto,1,2,1,48.0,2.0,0.0
487,20160916,CA,Waterloo,1,1,1,0.0,1.0,100.0
488,20160916,CH,Basel,2,6,2,325.0,3.0,0.0
489,20160916,CL,Santiago,1,2,1,6.0,2.0,0.0
490,20160916,CZ,Frydek-Mistek,1,1,1,0.0,1.0,100.0
491,20160916,CZ,Prague,1,1,1,0.0,1.0,100.0
492,20160916,DE,Berlin,1,1,1,0.0,1.0,100.0
493,20160916,DE,Biberach,1,1,1,0.0,1.0,100.0
494,20160916,DE,Bremerhaven,1,9,2,3877.0,4.5,0.0
495,20160916,DE,Munich,1,1,1,0.0,1.0,100.0
496,20160916,ES,Bilbao,1,2,1,12.0,2.0,0.0
497,20160916,ES,Getafe,1,2,1,14.0,2.0,0.0
498,20160916,FR,Rouen,1,4,1,128.0,4.0,0.0
499,20160916,FR,Rueil-Malmaison,3,27,6,3458.0,4.5,33.33333333333333
500,20160916,GB,(not set),1,1,1,0.0,1.0,100.0
501,20160916,GB,Birmingham,2,11,4,1407.0,2.75,50.0
502,20160916,GB,Exeter,1,12,3,847.0,4.0,0.0
503,20160916,GB,Glasgow,1,1,1,0.0,1.0,100.0
504,20160916,GB,Sheffield,1,3,1,228.0,3.0,0.0
505,20160916,IN,Hyderabad,1,2,2,0.0,1.0,100.0
506,20160916,IN,New Delhi,1,1,1,0.0,1.0,100.0
507,20160916,NL,Groningen,1,1,1,0.0,1.0,100.0
508,20160916,NL,Warmenhuizen,1,2,1,63.0,2.0,0.0
509,20160916,NO,(not set),1,2,1,4.0,2.0,0.0
510,20160916,NZ,Auckland,1,2,2,0.0,1.0,100.0
511,20160916,NZ,Hamilton,1,8,1,292.0,8.0,0.0
512,20160916,SE,Södertälje,1,1,1,0.0,1.0,100.0
513,20160916,US,Alameda,1,1,1,0.0,1.0,100.0
514,20160916,US,Birmingham,1,2,1,3.0,2.0,0.0
515,20160916,US,Boston,1,2,1,4.0,2.0,0.0
516,20160916,US,Champaign,1,14,4,2618.0,3.5,25.0
517,20160916,US,Chippewa Falls,1,2,1,10.0,2.0,0.0
518,20160916,US,Davis,1,1,1,0.0,1.0,100.0
519,20160916,US,Galveston,1,2,1,125.0,2.0,0.0
520,20160916,US,Los Angeles,1,1,1,0.0,1.0,100.0
521,20160916,US,Louisville,1,1,1,0.0,1.0,100.0
522,20160916,US,Norman,2,4,2,117.0,2.0,50.0
523,20160916,US,Reston,1,1,1,0.0,1.0,100.0
524,20160916,US,San Diego,1,4,1,15.0,4.0,0.0
525,20160917,CA,London,1,2,1,4.0,2.0,0.0
526,20160917,CN,Beijing,1,4,1,41.0,4.0,0.0
527,20160917,FR,Rouen,1,28,4,2985.0,7.0,0.0
528,20160917,NL,Bilthoven,1,4,1,1662.0,4.0,0.0
529,20160917,RO,Cluj-Napoca,1,1,1,0.0,1.0,100.0
530,20160917,US,Bozeman,3,11,4,760.0,2.75,50.0
531,20160917,US,Champaign,2,32,4,4341.0,8.0,0.0
532,20160917,US,Charlottesville,1,21,1,932.0,21.0,0.0
533,20160917,US,College,1,1,1,0.0,1.0,100.0
534,20160917,US,College Park,1,1,1,0.0,1.0,100.0
535,20160917,US,Emeryville,1,1,1,0.0,1.0,100.0
536,20160917,US,Evanston,1,1,1,0.0,1.0,100.0
537,20160917,US,Hillsboro,1,2,1,4.0,2.0,0.0
538,20160917,US,Millbrae,1,3,1,386.0,3.0,0.0
539,20160918,AU,Brisbane,1,1,1,0.0,1.0,100.0
540,20160918,BR,Campinas,1,1,1,0.0,1.0,100.0
541,20160918,CN,Mudanjiang,1,1,1,0.0,1.0,100.0
542,20160918,CN,Wuhan,1,3,2,88.0,1.5,50.0
543,20160918,DE,Jena,1,1,1,0.0,1.0,100.0
544,20160918,DE,Koblenz,1,1,1,0.0,1.0,100.0
545,20160918,DE,Munich,1,1,1,0.0,1.0,100.0
546,20160918,HK,Hong Kong,1,1,1,0.0,1.0,100.0
547,20160918,IL,Tel Aviv-Yafo,1,1,1,0.0,1.0,100.0
548,20160918,NG,Lagos,1,1,1,0.0,1.0,100.0
549,20160918,NZ,Hamilton,1,1,1,0.0,1.0,100.0
550,20160918,RO,Ramnicu Sarat,1,1,1,0.0,1.0,100.0
551,20160918,SE,Lund,1,2,2,0.0,1.0,100.0
552,20160918,US,Lawrence,1,15,3,2327.0,5.0,33.33333333333333
553,20160918,US,Park Forest Village,1,1,1,0.0,1.0,100.0
554,20160919,AU,Adelaide,2,5,2,162.0,2.5,50.0
555,20160919,AU,Brisbane,5,8,6,3.0,1.3333333333333333,66.66666666666666
556,20160919,AU,Melbourne,1,2,1,27.0,2.0,0.0
557,20160919,BD,(not set),1,1,1,0.0,1.0,100.0
558,20160919,BE,Ottignies-Louvain-la-Neuve,1,1,1,0.0,1.0,100.0
559,20160919,BR,Curitiba,1,1,1,0.0,1.0,100.0
560,20160919,BR,Sao Jose do Rio Preto,1,1,1,0.0,1.0,100.0
561,20160919,CA,Sherbrooke,1,2,1,800.0,2.0,0.0
562,20160919,CH,Lugano,2,2,2,0.0,1.0,100.0
563,20160919,CH,Zurich,2,6,3,236.0,2.0,66.66666666666666
564,20160919,CN,Beijing,2,10,2,874.0,5.0,0.0
565,20160919,CR,San Jose,1,1,1,0.0,1.0,100.0
566,20160919,CZ,Ostrava,1,1,1,0.0,1.0,100.0
567,20160919,CZ,Prague,1,1,1,0.0,1.0,100.0
568,20160919,DE,Freiburg im Breisgau,1,50,4,5278.0,12.5,25.0
569,20160919,DE,Munich,2,2,2,0.0,1.0,100.0
570,20160919,DE,Nuremberg,1,1,1,0.0,1.0,100.0
571,20160919,DK,Lyngby,1,1,1,0.0,1.0,100.0
572,20160919,DK,Roskilde,2,11,4,1293.0,2.75,50.0
573,20160919,EC,Ambato,1,1,1,0.0,1.0,100.0
574,20160919,FR,Paris,1,1,1,0.0,1.0,100.0
575,20160919,FR,Rueil-Malmaison,1,1,1,0.0,1.0,100.0
576,20160919,GB,(not set),2,9,2,1564.0,4.5,50.0
577,20160919,GB,Birmingham,1,4,1,45.0,4.0,0.0
578,20160919,GB,London,1,1,1,0.0,1.0,100.0
579,20160919,GB,Northampton,1,3,1,63.0,3.0,0.0
580,20160919,HK,Hong Kong,1,1,1,0.0,1.0,100.0
581,20160919,IN,Bengaluru,2,2,2,0.0,1.0,100.0
582,20160919,IN,New Delhi,1,1,1,0.0,1.0,100.0
583,20160919,IT,Milan,1,1,1,0.0,1.0,100.0
584,20160919,NL,Alkmaar,1,1,1,0.0,1.0,100.0
585,20160919,NL,Bilthoven,1,1,1,0.0,1.0,100.0
586,20160919,NO,Tromso Municipality,1,1,1,0.0,1.0,100.0
587,20160919,NZ,Auckland,1,1,1,0.0,1.0,100.0
588,20160919,SA,Jeddah,1,6,2,1755.0,3.0,0.0
589,20160919,SE,Lund,1,2,2,0.0,1.0,100.0
590,20160919,SE,Södertälje,1,2,2,0.0,1.0,100.0
591,20160919,TH,Bangkok,1,1,1,0.0,1.0,100.0
592,20160919,US,Aurora,1,1,1,0.0,1.0,100.0
593,20160919,US,Bellevue,1,1,1,0.0,1.0,100.0
594,20160919,US,Birmingham,1,10,3,438.0,3.3333333333333335,0.0
595,20160919,US,Burbank,1,2,1,3.0,2.0,0.0
596,20160919,US,Greensboro,1,1,1,0.0,1.0,100.0
597,20160919,US,Hillsboro,1,1,1,0.0,1.0,100.0
598,20160919,US,Huntsville,1,1,1,0.0,1.0,100.0
599,20160919,US,Lawrence,1,8,1,1246.0,8.0,0.0
600,20160919,US,Lincoln,1,4,2,29.0,2.0,0.0
601,20160919,US,Loganville,1,2,1,1232.0,2.0,0.0
602,20160919,US,Los Alamos,1,1,1,0.0,1.0,100.0
603,20160919,US,Lowell,1,3,1,175.0,3.0,0.0
604,20160919,US,Mount Laurel Township,1,1,1,0.0,1.0,100.0
605,20160919,US,Philadelphia,1,1,1,0.0,1.0,100.0
606,20160919,US,Portland,1,1,1,0.0,1.0,100.0
607,20160919,US,Richardson,1,1,1,0.0,1.0,100.0
608,20160919,US,San Diego,1,2,1,19.0,2.0,0.0
609,20160919,US,Sunnyvale,1,1,1,0.0,1.0,100.0
610,20160919,US,Vacaville,1,1,1,0.0,1.0,100.0
611,20160919,US,West Windsor Township,1,1,1,0.0,1.0,100.0
612,20160920,AE,Abu Dhabi,1,2,1,12.0,2.0,0.0
613,20160920,AU,Brisbane,5,8,5,1887.0,1.6,60.0
614,20160920,AU,Sydney,1,8,1,210.0,8.0,0.0
615,20160920,BE,Ghent,1,3,1,12.0,3.0,0.0
616,20160920,BE,Leuven,1,1,1,0.0,1.0,100.0
617,20160920,BR,Sao Jose do Rio Preto,1,6,1,1641.0,6.0,0.0
618,20160920,CA,London,1,2,1,2.0,2.0,0.0
619,20160920,CA,Montreal,1,1,1,0.0,1.0,100.0
620,20160920,CA,Sherbrooke,1,4,3,537.0,1.3333333333333333,66.66666666666666
621,20160920,CA,Toronto,1,2,1,93.0,2.0,0.0
622,20160920,CH,Basel,1,2,1,0.0,2.0,0.0
623,20160920,CH,Zurich,1,2,1,13.0,2.0,0.0
624,20160920,CZ,Brno,1,4,3,806.0,1.3333333333333333,66.66666666666666
625,20160920,DE,Berlin,1,1,1,0.0,1.0,100.0
626,20160920,DE,Bochum,1,1,1,0.0,1.0,100.0
627,20160920,DE,Hamburg,1,3,1,153.0,3.0,0.0
628,20160920,DE,Leipzig,1,1,1,0.0,1.0,100.0
629,20160920,DE,Leverkusen,2,3,2,13.0,1.5,50.0
630,20160920,DK,Roskilde,1,1,1,0.0,1.0,100.0
631,20160920,ES,Donostia-San Sebastian,1,3,1,8.0,3.0,0.0
632,20160920,FR,Aix-en-Provence,1,33,5,7158.0,6.6,20.0
633,20160920,FR,Saint-Aubin,1,1,1,0.0,1.0,100.0
634,20160920,GB,Bristol,1,1,1,0.0,1.0,100.0
635,20160920,GB,London,3,5,4,172.0,1.25,75.0
636,20160920,GB,Reading,1,3,1,103.0,3.0,0.0
637,20160920,GB,Sheffield,1,16,6,2497.0,2.6666666666666665,50.0
638,20160920,IE,Tullamore,1,1,1,0.0,1.0,100.0
639,20160920,IN,Bengaluru,2,2,2,0.0,1.0,100.0
640,20160920,IN,Pune,2,3,2,0.0,1.5,50.0
641,20160920,IT,Monza,1,1,1,0.0,1.0,100.0
642,20160920,JP,Shinjuku City,1,1,1,0.0,1.0,100.0
643,20160920,NL,Amsterdam,1,1,1,0.0,1.0,100.0
644,20160920,NL,Groningen,1,1,1,0.0,1.0,100.0
645,20160920,NO,Tromso Municipality,1,13,3,848.0,4.333333333333333,0.0
646,20160920,NZ,Auckland,1,1,1,0.0,1.0,100.0
647,20160920,PL,Gdansk,1,1,1,0.0,1.0,100.0
648,20160920,RU,Saint Petersburg,1,1,1,0.0,1.0,100.0
649,20160920,SE,Lund,2,3,2,84.0,1.5,50.0
650,20160920,US,Boston,1,1,1,0.0,1.0,100.0
651,20160920,US,Bozeman,1,4,1,127.0,4.0,0.0
652,20160920,US,Columbus,1,1,1,0.0,1.0,100.0
653,20160920,US,Honolulu,1,1,1,0.0,1.0,100.0
654,20160920,US,Houston,1,8,1,1762.0,8.0,0.0
655,20160920,US,Los Alamos,1,4,1,123.0,4.0,0.0
656,20160920,US,Oak Ridge,1,10,1,1662.0,10.0,0.0
657,20160920,US,Pasadena,1,1,1,0.0,1.0,100.0
658,20160920,US,Pataskala,1,1,1,0.0,1.0,100.0
659,20160920,US,San Diego,2,22,7,1357.0,3.142857142857143,57.14285714285714
660,20160920,US,Santa Clara,1,1,1,0.0,1.0,100.0
661,20160920,US,Seattle,1,2,1,373.0,2.0,0.0
662,20160920,US,Topeka,1,1,1,0.0,1.0,100.0
663,20160921,AU,Brisbane,3,7,3,127.0,2.3333333333333335,33.33333333333333
664,20160921,AU,Melbourne,1,2,1,35.0,2.0,0.0
665,20160921,BE,Ottignies-Louvain-la-Neuve,1,1,1,0.0,1.0,100.0
666,20160921,BR,Sao Jose do Rio Preto,2,4,2,1529.0,2.0,50.0
667,20160921,BR,Sao Paulo,1,1,1,0.0,1.0,100.0
668,20160921,CA,Montreal,1,3,1,8.0,3.0,0.0
669,20160921,CA,Sherbrooke,1,2,1,700.0,2.0,0.0
670,20160921,CH,Basel,1,17,1,1309.0,17.0,0.0
671,20160921,CH,Geneva,1,5,2,1169.0,2.5,50.0
672,20160921,CH,Lugano,1,8,1,1463.0,8.0,0.0
673,20160921,CL,Santiago,1,3,1,210.0,3.0,0.0
674,20160921,CZ,Brno,3,10,3,3202.0,3.3333333333333335,66.66666666666666
675,20160921,DE,Dachau,1,1,1,0.0,1.0,100.0
676,20160921,DE,Darmstadt,1,4,1,28.0,4.0,0.0
677,20160921,DE,Erfurt,1,1,1,0.0,1.0,100.0
678,20160921,DE,Freiburg im Breisgau,1,2,1,80.0,2.0,0.0
679,20160921,DK,Roskilde,1,1,1,0.0,1.0,100.0
680,20160921,EG,Alexandria,1,2,2,0.0,1.0,100.0
681,20160921,ES,Barcelona,1,1,1,0.0,1.0,100.0
682,20160921,ES,Sant Cugat del Valles,1,2,1,1.0,2.0,0.0
683,20160921,FR,Aix-en-Provence,1,12,1,1225.0,12.0,0.0
684,20160921,GB,Ayr,1,5,2,787.0,2.5,0.0
685,20160921,GB,Cambridge,1,1,1,0.0,1.0,100.0
686,20160921,GB,London,1,5,1,355.0,5.0,0.0
687,20160921,GB,Saffron Walden,1,1,1,0.0,1.0,100.0
688,20160921,GB,Sheffield,1,12,3,175.0,4.0,33.33333333333333
689,20160921,IE,Cork,1,1,1,0.0,1.0,100.0
690,20160921,IN,Bengaluru,2,2,2,0.0,1.0,100.0
691,20160921,NL,Eindhoven,1,1,1,0.0,1.0,100.0
692,20160921,NL,Rijswijk,1,1,1,0.0,1.0,100.0
693,20160921,PK,Peshawar,1,1,1,0.0,1.0,100.0
694,20160921,SE,Lund,1,1,1,0.0,1.0,100.0
695,20160921,SE,Stockholm,1,1,1,0.0,1.0,100.0
696,20160921,US,Blacksburg,1,1,1,0.0,1.0,100.0
697,20160921,US,Houston,1,3,1,26.0,3.0,0.0
698,20160921,US,San Diego,1,5,1,521.0,5.0,0.0
699,20160921,US,San Francisco,1,1,1,0.0,1.0,100.0
700,20160921,US,San Jose,1,1,1,0.0,1.0,100.0
701,20160921,ZA,Pretoria,1,1,1,0.0,1.0,100.0
702,20160922,AE,Dubai,1,1,1,0.0,1.0,100.0
703,20160922,AU,Brisbane,3,3,3,0.0,1.0,100.0
704,20160922,BJ,Cotonou,1,1,1,0.0,1.0,100.0
705,20160922,CA,Sherbrooke,1,2,1,1081.0,2.0,0.0
706,20160922,CH,Geneva,1,3,2,52.0,1.5,50.0
707,20160922,CH,Zurich,1,1,1,0.0,1.0,100.0
708,20160922,CL,Santiago,1,5,1,525.0,5.0,0.0
709,20160922,CZ,Brno,1,7,2,1756.0,3.5,50.0
710,20160922,CZ,Ostrava,2,6,3,119.0,2.0,33.33333333333333
711,20160922,CZ,Prague,1,1,1,0.0,1.0,100.0
712,20160922,DE,Berlin,2,4,3,1359.0,1.3333333333333333,66.66666666666666
713,20160922,ES,Donostia-San Sebastian,1,1,1,0.0,1.0,100.0
714,20160922,FR,Aix-en-Provence,1,8,3,1157.0,2.6666666666666665,66.66666666666666
715,20160922,FR,Paris,2,2,2,0.0,1.0,100.0
716,20160922,FR,Rueil-Malmaison,1,10,4,457.0,2.5,25.0
717,20160922,FR,Villeurbanne,2,3,2,3.0,1.5,50.0
718,20160922,GB,Dundee,1,11,1,568.0,11.0,0.0
719,20160922,GB,London,1,1,1,0.0,1.0,100.0
720,20160922,GB,Saffron Walden,2,17,4,883.0,4.25,25.0
721,20160922,HR,Slavonski Brod,1,1,1,0.0,1.0,100.0
722,20160922,IN,Patna,1,1,1,0.0,1.0,100.0
723,20160922,IN,Thiruvananthapuram,1,1,1,0.0,1.0,100.0
724,20160922,NL,Haren,1,1,1,0.0,1.0,100.0
725,20160922,PK,Islamabad,1,1,1,0.0,1.0,100.0
726,20160922,PL,Warsaw,1,1,1,0.0,1.0,100.0
727,20160922,PL,Zabrze,1,1,1,0.0,1.0,100.0
728,20160922,SE,Södertälje,1,5,2,578.0,2.5,50.0
729,20160922,TW,(not set),1,2,1,9.0,2.0,0.0
730,20160922,US,Birmingham,2,14,3,760.0,4.666666666666667,33.33333333333333
731,20160922,US,Cambridge,1,2,1,5.0,2.0,0.0
732,20160922,US,Champaign,1,7,2,1074.0,3.5,0.0
733,20160922,US,La Canada Flintridge,1,37,1,260.0,37.0,0.0
734,20160922,US,Norman,1,1,1,0.0,1.0,100.0
735,20160922,US,Portland,1,2,1,203.0,2.0,0.0
736,20160922,US,Princeton,1,3,2,240.0,1.5,50.0
737,20160922,US,San Diego,1,7,5,42.0,1.4,60.0
738,20160922,US,Wilmington,1,7,1,797.0,7.0,0.0
739,20160922,VN,Hanoi,1,1,1,0.0,1.0,100.0
740,20160923,AT,Lauterach,1,13,1,143.0,13.0,0.0
741,20160923,AU,Brisbane,4,6,4,4.0,1.5,75.0
742,20160923,BE,Antwerp,1,2,2,0.0,1.0,100.0
743,20160923,BE,Dilbeek,1,1,1,0.0,1.0,100.0
744,20160923,BE,Ghent,1,23,3,5775.0,7.666666666666667,0.0
745,20160923,BE,Leuven,1,1,1,0.0,1.0,100.0
746,20160923,BE,Liege,1,1,1,0.0,1.0,100.0
747,20160923,CA,Halifax Regional Municipality,1,1,1,0.0,1.0,100.0
748,20160923,CA,Sherbrooke,1,2,1,412.0,2.0,0.0
749,20160923,CH,Basel,1,1,1,0.0,1.0,100.0
750,20160923,CH,Lugano,2,2,2,0.0,1.0,100.0
751,20160923,CL,Santiago,1,42,7,5271.0,6.0,28.57142857142857
752,20160923,DE,Ingelheim am Rhein,1,2,1,16.0,2.0,0.0
753,20160923,DE,Julich,1,1,1,0.0,1.0,100.0
754,20160923,DK,Copenhagen,1,1,1,0.0,1.0,100.0
755,20160923,DK,Horsens,1,1,1,0.0,1.0,100.0
756,20160923,DK,Roskilde,1,1,1,0.0,1.0,100.0
757,20160923,ES,Barcelona,1,2,1,13.0,2.0,0.0
758,20160923,FR,(not set),1,1,1,0.0,1.0,100.0
759,20160923,FR,Courbevoie,1,1,1,0.0,1.0,100.0
760,20160923,FR,Grenoble,1,3,1,9.0,3.0,0.0
761,20160923,FR,Rueil-Malmaison,1,1,1,0.0,1.0,100.0
762,20160923,FR,Villeurbanne,1,2,1,5.0,2.0,0.0
763,20160923,GB,Birmingham,1,1,1,0.0,1.0,100.0
764,20160923,ID,Surabaya,1,1,1,0.0,1.0,100.0
765,20160923,IN,Pune,1,1,1,0.0,1.0,100.0
766,20160923,IR,Ilam,1,1,1,0.0,1.0,100.0
767,20160923,KG,Osh,1,1,1,0.0,1.0,100.0
768,20160923,LU,Luxembourg,1,1,1,0.0,1.0,100.0
769,20160923,NL,Groningen,1,1,1,0.0,1.0,100.0
770,20160923,NZ,Auckland,1,2,1,8.0,2.0,0.0
771,20160923,RO,Timisoara,1,13,2,393.0,6.5,0.0
772,20160923,SE,Umea,1,2,1,7.0,2.0,0.0
773,20160923,SI,Ljubljana,1,1,1,0.0,1.0,100.0
774,20160923,US,Arlington,1,1,1,0.0,1.0,100.0
775,20160923,US,Baton Rouge,1,1,1,0.0,1.0,100.0
776,20160923,US,Birmingham,1,1,1,0.0,1.0,100.0
777,20160923,US,Bozeman,1,1,1,0.0,1.0,100.0
778,20160923,US,Champaign,3,11,3,245.0,3.6666666666666665,66.66666666666666
779,20160923,US,Commerce,1,1,1,0.0,1.0,100.0
780,20160923,US,Denver,1,1,1,0.0,1.0,100.0
781,20160923,US,Elkridge,2,5,2,135.0,2.5,0.0
782,20160923,US,Iowa City,1,1,1,0.0,1.0,100.0
783,20160923,US,Kansas City,1,1,1,0.0,1.0,100.0
784,20160923,US,Lexington,1,1,1,0.0,1.0,100.0
785,20160923,US,Millwood,1,1,1,0.0,1.0,100.0
786,20160923,US,Reston,1,2,1,11.0,2.0,0.0
787,20160923,US,San Diego,1,4,2,704.0,2.0,50.0
788,20160923,US,San Jose,2,4,2,285.0,2.0,50.0
789,20160923,US,Seattle,1,1,1,0.0,1.0,100.0
790,20160923,US,Tysons,1,1,1,0.0,1.0,100.0
791,20160923,US,Wilmington,1,5,2,288.0,2.5,50.0
792,20160924,AR,Buenos Aires,1,1,1,0.0,1.0,100.0
793,20160924,AU,Brisbane,1,1,1,0.0,1.0,100.0
794,20160924,BE,Antwerp,1,3,1,64.0,3.0,0.0
795,20160924,FR,Caen,1,1,1,0.0,1.0,100.0
796,20160924,GB,Rugby,1,1,1,0.0,1.0,100.0
797,20160924,GB,Sutton,1,1,1,0.0,1.0,100.0
798,20160924,IN,Mangaluru,1,1,1,0.0,1.0,100.0
799,20160924,KG,Osh,1,1,1,0.0,1.0,100.0
800,20160924,PH,Cebu City,1,1,1,0.0,1.0,100.0
801,20160924,RU,Moscow,1,3,2,8.0,1.5,50.0
802,20160924,SI,Ljubljana,1,4,3,53.0,1.3333333333333333,66.66666666666666
803,20160924,US,Lawrence,1,11,2,843.0,5.5,50.0
804,20160924,US,New York,1,1,1,0.0,1.0,100.0
805,20160924,US,Seattle,1,1,1,0.0,1.0,100.0
806,20160924,US,Terre Haute,1,1,1,0.0,1.0,100.0
807,20160925,EG,Alexandria,1,3,1,1075.0,3.0,0.0
808,20160925,GB,Bristol,1,1,1,0.0,1.0,100.0
809,20160925,GB,Coatbridge,1,4,1,363.0,4.0,0.0
810,20160925,GB,London,1,1,1,0.0,1.0,100.0
811,20160925,GB,Rugby,1,1,1,0.0,1.0,100.0
812,20160925,GR,Thessaloniki,1,1,1,0.0,1.0,100.0
813,20160925,IN,Mangaluru,1,1,1,0.0,1.0,100.0
814,20160925,IN,Navi Mumbai,1,2,1,731.0,2.0,0.0
815,20160925,IN,Thane,1,1,1,0.0,1.0,100.0
816,20160925,US,Columbus,1,1,1,0.0,1.0,100.0
817,20160925,US,Kansas City,1,2,2,0.0,1.0,100.0
818,20160925,US,Lawrence,2,6,2,973.0,3.0,0.0
819,20160925,US,Lincoln,1,1,1,0.0,1.0,100.0
820,20160925,US,Los Angeles,1,1,1,0.0,1.0,100.0
821,20160925,US,San Jose,1,1,1,0.0,1.0,100.0
822,20160925,US,Santa Clara,1,2,1,18.0,2.0,0.0
823,20160925,US,Urbana,1,1,1,0.0,1.0,100.0
824,20160926,AR,Buenos Aires,1,1,1,0.0,1.0,100.0
825,20160926,AU,Adelaide,1,1,1,0.0,1.0,100.0
826,20160926,AU,Brisbane,3,3,3,0.0,1.0,100.0
827,20160926,AU,Melbourne,1,1,1,0.0,1.0,100.0
828,20160926,BE,Ghent,2,13,4,1032.0,3.25,25.0
829,20160926,BE,Leuven,1,1,1,0.0,1.0,100.0
830,20160926,BE,Ostend,1,2,1,5.0,2.0,0.0
831,20160926,BE,Ottignies-Louvain-la-Neuve,1,1,1,0.0,1.0,100.0
832,20160926,BR,Florianopolis,1,1,1,0.0,1.0,100.0
833,20160926,BR,Rio de Janeiro,1,1,1,0.0,1.0,100.0
834,20160926,CA,Sherbrooke,1,5,2,1122.0,2.5,0.0
835,20160926,CA,Waterloo,2,2,2,0.0,1.0,100.0
836,20160926,CH,Geneva,1,1,1,0.0,1.0,100.0
837,20160926,CL,Santiago,1,2,1,18.0,2.0,0.0
838,20160926,CN,Hangzhou,1,4,1,424.0,4.0,0.0
839,20160926,DE,Griesheim,1,1,1,0.0,1.0,100.0
840,20160926,DE,Halle (Saale),1,3,1,3.0,3.0,0.0
841,20160926,DE,Ingelheim am Rhein,2,5,2,1619.0,2.5,50.0
842,20160926,DE,Julich,1,3,1,635.0,3.0,0.0
843,20160926,DK,Albertslund,1,8,1,1764.0,8.0,0.0
844,20160926,DK,Lyngby,1,4,1,1828.0,4.0,0.0
845,20160926,DK,Roskilde,1,2,2,0.0,1.0,100.0
846,20160926,EG,Alexandria,1,2,1,6.0,2.0,0.0
847,20160926,ES,Donostia-San Sebastian,2,6,3,430.0,2.0,33.33333333333333
848,20160926,ES,Getafe,1,1,1,0.0,1.0,100.0
849,20160926,FR,Aix-en-Provence,1,1,1,0.0,1.0,100.0
850,20160926,FR,Montpellier,1,3,1,19.0,3.0,0.0
851,20160926,FR,Saint-Germain-en-Laye,1,5,1,48.0,5.0,0.0
852,20160926,FR,Tours,2,2,2,0.0,1.0,100.0
853,20160926,FR,Villeurbanne,2,4,3,14.0,1.3333333333333333,66.66666666666666
854,20160926,GB,Birmingham,1,1,1,0.0,1.0,100.0
855,20160926,GB,Dundee,1,2,1,36.0,2.0,0.0
856,20160926,GB,London,2,11,4,1156.0,2.75,50.0
857,20160926,GB,Saffron Walden,1,1,1,0.0,1.0,100.0
858,20160926,IN,Bhopal,1,1,1,0.0,1.0,100.0
859,20160926,IT,Milan,1,1,1,0.0,1.0,100.0
860,20160926,NL,Eindhoven,1,1,1,0.0,1.0,100.0
861,20160926,NO,Tromso Municipality,1,1,1,0.0,1.0,100.0
862,20160926,NZ,Christchurch,1,1,1,0.0,1.0,100.0
863,20160926,RU,Saint Petersburg,2,4,3,8.0,1.3333333333333333,66.66666666666666
864,20160926,SE,Linkoping,1,2,1,12.0,2.0,0.0
865,20160926,SG,Singapore,1,1,1,0.0,1.0,100.0
866,20160926,TR,Istanbul,1,1,1,0.0,1.0,100.0
867,20160926,US,Berkeley,1,1,1,0.0,1.0,100.0
868,20160926,US,Charlottesville,1,2,2,0.0,1.0,100.0
869,20160926,US,Chippewa Falls,1,1,1,0.0,1.0,100.0
870,20160926,US,College,1,1,1,0.0,1.0,100.0
871,20160926,US,Hillsboro,1,5,1,655.0,5.0,0.0
872,20160926,US,Kansas City,1,1,1,0.0,1.0,100.0
873,20160926,US,Lawrence,2,4,2,299.0,2.0,0.0
874,20160926,US,Los Angeles,1,1,1,0.0,1.0,100.0
875,20160926,US,Norman,1,1,1,0.0,1.0,100.0
876,20160926,US,San Diego,1,3,1,28.0,3.0,0.0
877,20160927,AU,Brisbane,3,4,3,39.0,1.3333333333333333,66.66666666666666
878,20160927,BD,(not set),1,1,1,0.0,1.0,100.0
879,20160927,BE,Ghent,1,10,3,28.0,3.3333333333333335,0.0
880,20160927,BE,Leuven,1,1,1,0.0,1.0,100.0
881,20160927,CA,Ottawa,1,2,1,17.0,2.0,0.0
882,20160927,CA,Sault Ste. Marie,1,1,1,0.0,1.0,100.0
883,20160927,CA,Sherbrooke,1,2,1,462.0,2.0,0.0
884,20160927,CH,Zurich,2,16,3,792.0,5.333333333333333,66.66666666666666
885,20160927,CL,Santiago,1,6,2,95.0,3.0,50.0
886,20160927,CN,Hangzhou,1,8,3,915.0,2.6666666666666665,33.33333333333333
887,20160927,DE,Berlin,2,2,2,0.0,1.0,100.0
888,20160927,DE,Freiburg im Breisgau,1,2,2,0.0,1.0,100.0
889,20160927,DE,Julich,2,3,2,8.0,1.5,50.0
890,20160927,EG,Damanhour,1,2,1,37.0,2.0,0.0
891,20160927,ES,Barcelona,1,18,4,1845.0,4.5,25.0
892,20160927,FR,Aix-en-Provence,2,2,2,0.0,1.0,100.0
893,20160927,FR,Tours,1,30,2,4003.0,15.0,0.0
894,20160927,FR,Villeurbanne,1,14,3,1599.0,4.666666666666667,0.0
895,20160927,GB,London,3,6,4,48.0,1.5,75.0
896,20160927,GB,Saffron Walden,2,4,3,618.0,1.3333333333333333,66.66666666666666
897,20160927,IN,Bengaluru,1,1,1,0.0,1.0,100.0
898,20160927,IN,Pune,1,1,1,0.0,1.0,100.0
899,20160927,IN,Surat,1,1,1,0.0,1.0,100.0
900,20160927,IT,Milan,1,2,2,0.0,1.0,100.0
901,20160927,NL,(not set),1,1,1,0.0,1.0,100.0
902,20160927,NO,Oslo,1,1,1,0.0,1.0,100.0
903,20160927,RU,Perm,1,1,1,0.0,1.0,100.0
904,20160927,RU,Saint Petersburg,1,4,1,935.0,4.0,0.0
905,20160927,SK,Bratislava,1,1,1,0.0,1.0,100.0
906,20160927,TH,Bangkok,1,1,1,0.0,1.0,100.0
907,20160927,US,Albuquerque,2,3,2,40.0,1.5,50.0
908,20160927,US,Alpharetta,1,1,1,0.0,1.0,100.0
909,20160927,US,Atlanta,1,1,1,0.0,1.0,100.0
910,20160927,US,Boston,1,7,1,295.0,7.0,0.0
911,20160927,US,Champaign,1,1,1,0.0,1.0,100.0
912,20160927,US,Eugene,1,42,2,3999.0,21.0,0.0
913,20160927,US,Hanover,1,1,1,0.0,1.0,100.0
914,20160927,US,Kansas City,1,1,1,0.0,1.0,100.0
915,20160927,US,Portland,1,2,1,18.0,2.0,0.0
916,20160927,US,Princeton,1,1,1,0.0,1.0,100.0
917,20160927,US,Raleigh,1,1,1,0.0,1.0,100.0
918,20160927,US,San Diego,2,2,2,0.0,1.0,100.0
919,20160927,US,San Jose,1,2,1,111.0,2.0,0.0
920,20160927,US,Santa Clara,1,1,1,0.0,1.0,100.0
921,20160927,US,Wake Forest,1,1,1,0.0,1.0,100.0
922,20160927,US,West Point,1,12,2,1774.0,6.0,0.0
923,20160927,US,Westminster,1,1,1,0.0,1.0,100.0
924,20160928,AU,Adelaide,1,3,1,23.0,3.0,0.0
925,20160928,AU,Brisbane,2,15,3,718.0,5.0,66.66666666666666
926,20160928,AU,Melbourne,1,2,1,35.0,2.0,0.0
927,20160928,BE,Leuven,1,4,3,5.0,1.3333333333333333,66.66666666666666
928,20160928,CA,Pointe-Claire,1,1,1,0.0,1.0,100.0
929,20160928,CA,Sherbrooke,1,2,1,728.0,2.0,0.0
930,20160928,CH,Zurich,1,1,1,0.0,1.0,100.0
931,20160928,CN,Nanjing,2,2,2,0.0,1.0,100.0
932,20160928,DK,Lyngby,1,1,1,0.0,1.0,100.0
933,20160928,ES,Madrid,1,1,1,0.0,1.0,100.0
934,20160928,FR,Beynes,1,1,1,0.0,1.0,100.0
935,20160928,FR,Paris,2,2,2,0.0,1.0,100.0
936,20160928,FR,Tours,1,7,3,60.0,2.3333333333333335,33.33333333333333
937,20160928,GB,(not set),1,1,1,0.0,1.0,100.0
938,20160928,GB,Birmingham,2,14,4,2890.0,3.5,0.0
939,20160928,GB,Dundee,1,23,4,3131.0,5.75,25.0
940,20160928,GB,Saffron Walden,1,3,2,12.0,1.5,50.0
941,20160928,HU,Budapest,1,1,1,0.0,1.0,100.0
942,20160928,IN,Ghaziabad,1,1,1,0.0,1.0,100.0
943,20160928,IT,Milan,1,1,1,0.0,1.0,100.0
944,20160928,JP,Chiba,1,3,1,177.0,3.0,0.0
945,20160928,KR,Daejeon,1,15,2,3898.0,7.5,50.0
946,20160928,MX,Mexico City,1,1,1,0.0,1.0,100.0
947,20160928,NL,Zaltbommel,1,1,1,0.0,1.0,100.0
948,20160928,PH,Cebu City,1,1,1,0.0,1.0,100.0
949,20160928,RO,Cluj-Napoca,1,1,1,0.0,1.0,100.0
950,20160928,SE,Lund,2,2,2,0.0,1.0,100.0
951,20160928,SE,Stockholm,1,1,1,0.0,1.0,100.0
952,20160928,SE,Umea,1,2,1,53.0,2.0,0.0
953,20160928,SE,Vastervik,1,1,1,0.0,1.0,100.0
954,20160928,UA,Kyiv,1,1,1,0.0,1.0,100.0
955,20160928,US,Athens,1,2,1,112.0,2.0,0.0
956,20160928,US,Boston,2,5,3,1632.0,1.6666666666666667,66.66666666666666
957,20160928,US,Champaign,1,1,1,0.0,1.0,100.0
958,20160928,US,College,1,2,1,97.0,2.0,0.0
959,20160928,US,Dallas,1,1,1,0.0,1.0,100.0
960,20160928,US,Fort Worth,1,1,1,0.0,1.0,100.0
961,20160928,US,Gorham,1,1,1,0.0,1.0,100.0
962,20160928,US,Greenville,1,8,1,125.0,8.0,0.0
963,20160928,US,Houston,1,3,1,114.0,3.0,0.0
964,20160928,US,New York,2,2,2,0.0,1.0,100.0
965,20160928,US,Portland,1,1,1,0.0,1.0,100.0
966,20160928,US,Rockledge,1,1,1,0.0,1.0,100.0
967,20160928,US,Salt Lake City,1,1,1,0.0,1.0,100.0
968,20160928,US,San Diego,1,8,6,1591.0,1.3333333333333333,66.66666666666666
969,20160928,US,Seattle,1,1,1,0.0,1.0,100.0
970,20160928,US,Washington,1,1,1,0.0,1.0,100.0
971,20160929,AE,Abu Dhabi,1,1,1,0.0,1.0,100.0
972,20160929,AU,Brisbane,6,31,7,8548.0,4.428571428571429,28.57142857142857
973,20160929,BE,Ghent,3,11,6,520.0,1.8333333333333333,66.66666666666666
974,20160929,BE,Leuven,3,5,4,89.0,1.25,75.0
975,20160929,BE,Mons,1,14,1,927.0,14.0,0.0
976,20160929,BE,Nivelles,2,2,2,0.0,1.0,100.0
977,20160929,BR,Sao Leopoldo,1,2,1,19.0,2.0,0.0
978,20160929,CA,Gatineau,1,1,1,0.0,1.0,100.0
979,20160929,CA,Kingston,1,1,1,0.0,1.0,100.0
980,20160929,CA,Sherbrooke,1,3,2,454.0,1.5,50.0
981,20160929,CA,Toronto,1,1,1,0.0,1.0,100.0
982,20160929,CH,Basel,1,1,1,0.0,1.0,100.0
983,20160929,CH,Lugano,1,1,1,0.0,1.0,100.0
984,20160929,CL,Santiago,1,1,1,0.0,1.0,100.0
985,20160929,CN,Beijing,1,1,1,0.0,1.0,100.0
986,20160929,CY,Nicosia,1,6,1,2079.0,6.0,0.0
987,20160929,CZ,Brno,1,3,2,11.0,1.5,50.0
988,20160929,DE,Hamburg,1,1,1,0.0,1.0,100.0
989,20160929,DE,Heidelberg,1,1,1,0.0,1.0,100.0
990,20160929,DE,Ingelheim am Rhein,1,3,2,805.0,1.5,50.0
991,20160929,DE,Julich,1,7,1,1441.0,7.0,0.0
992,20160929,DE,Neubiberg,1,1,1,0.0,1.0,100.0
993,20160929,DK,Lyngby,1,1,1,0.0,1.0,100.0
994,20160929,DK,Roskilde,1,1,1,0.0,1.0,100.0
995,20160929,ES,Barcelona,3,12,3,1656.0,4.0,33.33333333333333
996,20160929,ES,Donostia-San Sebastian,1,1,1,0.0,1.0,100.0
997,20160929,FI,Espoo,1,6,3,1677.0,2.0,33.33333333333333
998,20160929,FR,(not set),1,16,3,2344.0,5.333333333333333,0.0
999,20160929,FR,Aix-en-Provence,1,14,4,592.0,3.5,0.0
1000,20160929,FR,Toulouse,1,1,1,0.0,1.0,100.0
1001,20160929,GB,Birmingham,1,1,1,0.0,1.0,100.0
1002,20160929,GB,Coventry,1,1,1,0.0,1.0,100.0
1003,20160929,GB,Saffron Walden,1,2,2,0.0,1.0,100.0
1004,20160929,IN,New Delhi,1,2,1,586.0,2.0,0.0
1005,20160929,IR,(not set),1,1,1,0.0,1.0,100.0
1006,20160929,IS,Reykjavik,1,1,1,0.0,1.0,100.0
1007,20160929,IT,Naples,1,1,1,0.0,1.0,100.0
1008,20160929,IT,Venice,1,2,1,10.0,2.0,0.0
1009,20160929,NL,Enschede,1,5,1,640.0,5.0,0.0
1010,20160929,NL,Groningen,1,2,2,0.0,1.0,100.0
1011,20160929,NL,Zaltbommel,1,1,1,0.0,1.0,100.0
1012,20160929,NO,Tromso Municipality,1,1,1,0.0,1.0,100.0
1013,20160929,NO,Trondheim Municipality,1,1,1,0.0,1.0,100.0
1014,20160929,SE,Lund,1,2,2,0.0,1.0,100.0
1015,20160929,SE,Umea,1,16,3,640.0,5.333333333333333,0.0
1016,20160929,SG,Singapore,1,1,1,0.0,1.0,100.0
1017,20160929,US,Birmingham,1,2,1,8.0,2.0,0.0
1018,20160929,US,Boston,2,6,2,553.0,3.0,0.0
1019,20160929,US,Champaign,1,1,1,0.0,1.0,100.0
1020,20160929,US,Chapel Hill,1,7,1,965.0,7.0,0.0
1021,20160929,US,Columbus,1,1,1,0.0,1.0,100.0
1022,20160929,US,Lawrence,1,1,1,0.0,1.0,100.0
1023,20160929,US,Lowell,1,1,1,0.0,1.0,100.0
1024,20160929,US,Madison,1,1,1,0.0,1.0,100.0
1025,20160929,US,Memphis,1,1,1,0.0,1.0,100.0
1026,20160929,US,Reston,1,1,1,0.0,1.0,100.0
1027,20160929,US,San Diego,2,6,3,2543.0,2.0,33.33333333333333
1028,20160929,US,Seattle,2,3,3,0.0,1.0,100.0
1029,20160929,US,Stanford,1,1,1,0.0,1.0,100.0
1030,20160929,US,West Point,2,2,2,0.0,1.0,100.0
1031,20160929,ZA,Pretoria,1,1,1,0.0,1.0,100.0
1032,20160929,ZZ,(not set),1,1,1,0.0,1.0,100.0
1033,20160930,AT,Vienna,1,1,1,0.0,1.0,100.0
1034,20160930,AU,Brisbane,2,2,2,0.0,1.0,100.0
1035,20160930,BE,Ghent,1,6,3,7.0,2.0,0.0
1036,20160930,BE,Leuven,1,10,2,1608.0,5.0,50.0
1037,20160930,BE,Mons,1,1,1,0.0,1.0,100.0
1038,20160930,BE,Torhout,1,2,1,7.0,2.0,0.0
1039,20160930,CA,Edmonton,2,6,2,76.0,3.0,0.0
1040,20160930,CA,Montreal,1,1,1,0.0,1.0,100.0
1041,20160930,CA,Sherbrooke,2,3,2,563.0,1.5,50.0
1042,20160930,CL,Iquique,1,1,1,0.0,1.0,100.0
1043,20160930,CL,Santiago,1,4,4,0.0,1.0,100.0
1044,20160930,DE,Ingelheim am Rhein,1,1,1,0.0,1.0,100.0
1045,20160930,DK,Lyngby,1,2,2,0.0,1.0,100.0
1046,20160930,ES,Barcelona,1,1,1,0.0,1.0,100.0
1047,20160930,FI,Espoo,1,1,1,0.0,1.0,100.0
1048,20160930,FI,Helsinki,1,1,1,0.0,1.0,100.0
1049,20160930,FR,(not set),2,5,5,0.0,1.0,100.0
1050,20160930,FR,Aix-en-Provence,1,15,2,54.0,7.5,0.0
1051,20160930,FR,Lyon,1,1,1,0.0,1.0,100.0
1052,20160930,FR,Paris,1,1,1,0.0,1.0,100.0
1053,20160930,FR,Rennes,1,5,1,72.0,5.0,0.0
1054,20160930,GB,Birmingham,2,5,3,23.0,1.6666666666666667,66.66666666666666
1055,20160930,GB,London,1,1,1,0.0,1.0,100.0
1056,20160930,GB,Oxford,1,1,1,0.0,1.0,100.0
1057,20160930,GB,Radlett,1,2,2,0.0,1.0,100.0
1058,20160930,IN,Thiruvananthapuram,1,1,1,0.0,1.0,100.0
1059,20160930,MX,(not set),1,1,1,0.0,1.0,100.0
1060,20160930,MY,Johor Bahru,1,1,1,0.0,1.0,100.0
1061,20160930,NL,Amsterdam,1,4,1,55.0,4.0,0.0
1062,20160930,NL,Groningen,1,1,1,0.0,1.0,100.0
1063,20160930,NL,Utrecht,1,1,1,0.0,1.0,100.0
1064,20160930,NO,Tromso Municipality,1,1,1,0.0,1.0,100.0
1065,20160930,US,Birmingham,2,4,2,494.0,2.0,50.0
1066,20160930,US,Champaign,1,2,1,290.0,2.0,0.0
1067,20160930,US,Chapel Hill,2,9,3,2222.0,3.0,0.0
1068,20160930,US,Charlottesville,1,1,1,0.0,1.0,100.0
1069,20160930,US,College,1,1,1,0.0,1.0,100.0
1070,20160930,US,La Canada Flintridge,1,1,1,0.0,1.0,100.0
1071,20160930,US,Lawrence,1,3,2,29.0,1.5,50.0
1072,20160930,US,Los Angeles,1,4,2,60.0,2.0,50.0
1073,20160930,US,New York,1,1,1,0.0,1.0,100.0
1074,20160930,US,San Diego,2,4,4,0.0,1.0,100.0
1075,20160930,US,West Lafayette,1,1,1,0.0,1.0,100.0
1076,20160930,ZA,Pretoria,1,1,1,0.0,1.0,100.0
